Title;Genre;Premiere;Runtime;IMDB Score;Language;Unnamed: 6;Unnamed: 7;Processed_Title
Enter the Anime;Documentary;August 5, 2019;58;2.5;English/Japanese;;;enter anim
Dark Forces;Thriller;August 21, 2020;81;2.6;Spanish;;;dark forc
The App;Science fiction/Drama;December 26, 2019;79;2.6;Italian;;;app
The Open House;Horror thriller;January 19, 2018;94;3.2;English;;;open hous
Kaali Khuhi;Mystery;October 30, 2020;90;3.4;Hindi;;;kaali khuhi
Drive;Action;November 1, 2019;147;3.5;Hindi;;;drive
Leyla Everlasting;Comedy;December 4, 2020;112;3.7;Turkish;;;leyla everlast
The Last Days of American Crime;Heist film/Thriller;June 5, 2020;149;3.7;English;;;last day american crime
Paradox;Musical/Western/Fantasy;March 23, 2018;73;3.9;English;;;paradox
Sardar Ka Grandson;Comedy;May 18, 2021;139;4.1;Hindi;;;sardar ka grandson
Searching for Sheela;Documentary;April 22, 2021;58;4.1;English;;;search sheela
The Call;Drama;November 27, 2020;112;4.1;Korean;;;call
Whipped;Romantic comedy;September 18, 2020;97;4.1;Indonesian;;;whip
All Because of You;Action comedy;October 1, 2020;101;4.2;Malay;;;
Mercy;Thriller;November 22, 2016;90;4.2;English;;;merci
After the Raid;Documentary;December 19, 2019;25;4.3;Spanish;;;raid
Ghost Stories;Horror anthology;January 1, 2020;144;4.3;Hindi;;;ghost stori
The Last Thing He Wanted;Political thriller;February 21, 2020;115;4.3;English;;;last thing want
What Happened to Mr. Cha?;Comedy;January 1, 2021;102;4.3;Korean;;;happen mr cha
Death Note;Horror thriller;August 25, 2017;100;4.4;English;;;death note
Hello Privilege. It's Me; Chelsea;Documentary;September 13, 2019;64;4.4;English;;hello privileg
Secret Obsession;Thriller;July 18, 2019;97;4.4;English;;;secret obsess
Sextuplets;Comedy;August 16, 2019;99;4.4;English;;;sextuplet
The Girl on the Train;Thriller;February 26, 2021;120;4.4;Hindi;;;girl train
Thunder Force;Superhero-Comedy;April 9, 2021;105;4.4;English;;;thunder forc
Fatal Affair;Thriller;July 16, 2020;89;4.5;English;;;fatal affair
Just Say Yes;Romantic comedy;April 2, 2021;97;4.5;Dutch;;;say ye
Seriously Single;Comedy;July 31, 2020;107;4.5;English;;;serious singl
The Misadventures of Hedi and Cokeman;Comedy;February 10, 2021;99;4.5;French;;;misadventur hedi cokeman
5 Star Christmas;Comedy;December 7, 2018;95;4.6;Italian;;;star christma
After Maria;Documentary;May 24, 2019;37;4.6;English/Spanish;;;maria
I Am the Pretty Thing That Lives in the House;Horror;October 28, 2016;89;4.6;English;;;pretti thing live hous
Paris Is Us;Romance drama;February 22, 2019;83;4.6;French;;;pari us
Porta dos Fundos: The First Temptation of Christ;Comedy;December 3, 2019;46;4.6;Portuguese;;;porta do fundo first temptat christ
Rattlesnake;Horror;October 25, 2019;85;4.6;English;;;rattlesnak
The Players;Comedy;July 15, 2020;88;4.6;Italian;;;player
We Are One;Documentary;July 14, 2020;86;4.6;French;;;one
Finding Agnes;Drama;November 30, 2020;105;4.7;Filipino;;;find agn
IO;Science fiction/Drama;January 18, 2019;95;4.7;English;;;io
Sentinelle;Action;March 5, 2021;80;4.7;French;;;sentinel
Sol Levante;Anime / Short;April 2, 2020;4;4.7;English;;;sol levant
The Binding;Drama;October 2, 2020;93;4.7;Italian;;;bind
We Can Be Heroes;Superhero;December 25, 2020;100;4.7;English;;;hero
Christmas Crossfire;Thriller;December 4, 2020;106;4.8;German;;;christma crossfir
Coin Heist;Heist;January 6, 2017;97;4.8;English;;;coin heist
Mrs. Serial Killer;Thriller;May 1, 2020;106;4.8;Hindi;;;mr serial killer
Nobody Sleeps in the Woods Tonight;Horror;October 28, 2020;103;4.8;Polish;;;nobodi sleep wood tonight
Take the 10;Comedy;January 20, 2017;80;4.8;English;;;take
The Main Event;Comedy;April 10, 2020;101;4.8;English;;;main event
The Ridiculous 6;Western;December 11, 2015;119;4.8;English;;;ridicul
Earth and Blood;Action;April 17, 2020;80;4.9;French;;;earth blood
Fearless;Animation/Superhero;August 14, 2020;89;4.9;English;;;fearless
Holiday Rush;Family film;November 28, 2019;94;4.9;English;;;holiday rush
The Day of the Lord;Drama;October 30, 2020;93;4.9;Spanish;;;day lord
Airplane Mode;Comedy;January 23, 2020;96;5;Portuguese;;;airplan mode
How It Ends;Action-thriller;July 13, 2018;113;5;English;;;end
Love Like the Falling Rain;Drama;October 15, 2020;86;5;Indonesian;;;love like fall rain
Rebirth;Thriller;July 15, 2016;100;5;English;;;rebirth
Squared Love;Romantic comedy;February 11, 2021;102;5;Polish;;;squar love
Cadaver;Horror;October 22, 2020;86;5.1;Norwegian;;;cadav
Clinical;Thriller;January 13, 2017;104;5.1;English;;;clinic
Coffee & Kareem;Action comedy;April 3, 2020;88;5.1;English;;;coffe kareem
Dude;Teen comedy-drama;April 20, 2018;97;5.1;English;;;dude
Geez & Ann;Romantic drama;February 25, 2021;105;5.1;Indonesian;;;geez ann
The Larva Island Movie;Animation;July 23, 2020;90;5.1;English;;;larva island movi
#REALITYHIGH;Comedy;September 8, 2017;99;5.2;English;;;realityhigh
American Factory: A Conversation with the Obamas ;Aftershow / Interview;August 21, 2019;10;5.2;English;;;american factori convers obama
Desperados;Romantic comedy;July 3, 2020;106;5.2;English;;;desperado
Dolly Parton's Christmas on the Square;Christmas musical;November 22, 2020;98;5.2;English;;;dolli parton christma squar
Father of the Year;Comedy;July 20, 2018;94;5.2;English;;;father year
Firebrand;Drama;February 22, 2019;112;5.2;Marathi;;;firebrand
Ghost Lab;Horror;May 26, 2021;117;5.2;Thai;;;ghost lab
Girlfriend's Day;Comedy;February 14, 2017;70;5.2;English;;;girlfriend day
Handsome: A Netflix Mystery Movie;Comedy;May 5, 2017;81;5.2;English;;;handsom netflix mysteri movi
Hubie Halloween;Comedy;October 7, 2020;103;5.2;English;;;hubi halloween
Ibiza;Comedy;May 25, 2018;94;5.2;English;;;ibiza
Rim of the World;Science fiction adventure;May 24, 2019;98;5.2;English;;;rim world
Sandy Wexler;Comedy;April 14, 2017;131;5.2;English;;;sandi wexler
See You Yesterday;Science fiction;May 17, 2019;87;5.2;English;;;see yesterday
Still Laugh-In: The Stars Celebrate;Variety show;May 14, 2019;60;5.2;English;;;still laughin star celebr
Strip Down; Rise Up;Documentary;February 5, 2021;112;5.2;English;;strip
Tall Girl;Comedy-drama;September 13, 2019;102;5.2;English;;;tall girl
The Beast;Drama;November 27, 2020;99;5.2;Italian;;;beast
The Week Of;Comedy;April 27, 2018;116;5.2;English;;;week
A Christmas Prince: The Royal Wedding;Romantic comedy;November 30, 2018;92;5.3;English;;;christma princ royal wed
Back to School;Comedy;August 30, 2019;83;5.3;French;;;back school
Dangerous Lies;Thriller;April 30, 2020;97;5.3;English;;;danger lie
Gunjan Saxena: The Kargil Girl;Drama;August 12, 2020;112;5.3;Hindi;;;gunjan saxena kargil girl
Intuition;Thriller;May 28, 2020;116;5.3;Spanish;;;intuit
The Most Assassinated Woman in the World;Thriller;September 7, 2018;102;5.3;French;;;assassin woman world
Things Heard & Seen;Horror;April 29, 2021;121;5.3;English;;;thing heard seen
To Each; Her Own;Romantic comedy;June 24, 2018;95;5.3;French;;
Who Would You Take to a Deserted Island?;Drama;April 12, 2019;93;5.3;Spanish;;;would take desert island
XOXO;Drama;August 26, 2016;92;5.3;English;;;xoxo
A Babysitter's Guide to Monster Hunting;Comedy/Fantasy/Family;October 15, 2020;98;5.4;English;;;babysitt guid monster hunt
A Christmas Prince: The Royal Baby;Romantic comedy;December 5, 2019;85;5.4;English;;;christma princ royal babi
Despite Everything;Comedy;May 3, 2019;78;5.4;Spanish;;;despit everyth
Dolly Kitty and Those Twinkling Stars;Drama;September 18, 2020;120;5.4;Hindi;;;dolli kitti twinkl star
Freaks: You're One of Us;Supernatural drama;September 2, 2020;92;5.4;German;;;freak your one us
Game Over; Man!;Action/Comedy;March 23, 2018;101;5.4;English;;game
Guilty;Thriller;March 6, 2020;119;5.4;Hindi;;;guilti
In the Tall Grass;Horror;October 4, 2019;101;5.4;English;;;tall grass
Madame Claude;Drama;April 2, 2021;112;5.4;French;;;madam claud
Naked;Comedy;August 11, 2017;96;5.4;English;;;nake
Outside the Wire;Action/Science fiction;January 15, 2021;114;5.4;English;;;outsid wire
The Princess Switch: Switched Again;Romantic comedy;November 19, 2020;97;5.4;English;;;princess switch switch
Under the Riccione Sun;Romantic teenage drama;July 1, 2020;101;5.4;Italian;;;riccion sun
A Very Murray Christmas;Comedy / Musical;December 4, 2015;56;5.5;English;;;murray christma
Been So Long;Musical;October 26, 2018;100;5.5;English;;;long
Dead Kids;Thriller;December 1, 2019;94;5.5;Filipino;;;dead kid
Get the Grift;Comedy;April 28, 2021;94;5.5;Portuguese;;;get grift
Ghosts of Sugar Land;Documentary;October 16. 2019;21;5.5;English;;;ghost sugar land
House Arrest;Comedy;November 15, 2019;104;5.5;Hindi;;;hous arrest
Kevin Hart's Guide to Black History;Variety show;February 8, 2019;63;5.5;English;;;kevin hart guid black histori
Love Wedding Repeat;Romantic comedy;April 10, 2020;100;5.5;English;;;love wed repeat
Mute;Science fiction/Mystery;February 23, 2018;126;5.5;English;;;mute
Òlòt?ré;Crime drama;October 2, 2020;106;5.5;English;;;ltr
Red Dot;Thriller;February 11, 2021;86;5.5;Swedish;;;red dot
Ride or Die;Psychological thriller drama;April 15, 2021;142;5.5;Japanese;;;ride die
Step Sisters;Comedy;January 19, 2018;108;5.5;English;;;step sister
The Cloverfield Paradox;Science fiction;February 4, 2018;102;5.5;English;;;cloverfield paradox
The Knight Before Christmas;Romantic comedy;November 21, 2019;92;5.5;English;;;knight christma
The Legacy of a Whitetail Deer Hunter;Adventure/Comedy;July 6, 2018;83;5.5;English;;;legaci whitetail deer hunter
The Package;Black comedy;August 10, 2018;94;5.5;English;;;packag
Unicorn Store;Comedy;April 5, 2019;92;5.5;English;;;unicorn store
Wine Country;Comedy;May 10, 2019;103;5.5;English;;;wine countri
Bomb Scared;Black comedy;October 12, 2017;89;5.6;Spanish/Basque;;;bomb scare
Brahman Naman;Comedy;July 7, 2016;95;5.6;English;;;brahman naman
Double Dad;Comedy-drama;January 15, 2021;103;5.6;Portuguese;;;doubl dad
Falling Inn Love;Romantic comedy;August 29, 2019;97;5.6;English;;;fall inn love
Hold the Dark;Thriller;September 28, 2018;125;5.6;English;;;hold dark
Love; Guaranteed;Romantic comedy;September 3, 2020;91;5.6;English;;love
One-Way to Tomorrow;Romance;June 19, 2020;90;5.6;Turkish;;;oneway tomorrow
Sarah Cooper: Everything's Fine;Variety show;October 27, 2020;49;5.6;English;;;sarah cooper everyth fine
The Last Laugh;Comedy-drama;January 11, 2019;98;5.6;English;;;last laugh
The Last Paradiso;Romantic drama;February 5, 2021;107;5.6;Italian;;;last paradiso
The Midnight Sky;Science fiction;December 23, 2020;118;5.6;English;;;midnight sky
The Paramedic;Thriller;September 16, 2020;94;5.6;Spanish;;;paramed
The Sleepover;Comedy;August 21, 2020;103;5.6;English;;;sleepov
Vampires vs. the Bronx;Horror comedy;October 2, 2020;86;5.6;English;;;vampir vs bronx
Why Did You Kill Me?;Documentary;April 14, 2021;83;5.6;English;;;kill
A Week Away;Christian musical;March 26, 2021;97;5.7;English;;;week away
Caught by a Wave;Romantic teen drama;March 25, 2021;99;5.7;Italian;;;caught wave
Christmas Inheritance;Romantic drama;December 15, 2017;104;5.7;English;;;christma inherit
Dad Wanted;Family;September 11, 2020;102;5.7;Spanish;;;dad want
El Camino Christmas;Dark comedy;December 8, 2017;89;5.7;English;;;el camino christma
Eli;Horror;October 18, 2019;98;5.7;English;;;eli
Ginny Weds Sunny;Romantic comedy;October 9, 2020;125;5.7;Hindi;;;ginni wed sunni
Good Sam;Drama;May 16, 2019;89;5.7;English;;;good sam
Lionheart;Comedy;January 4, 2019;94;5.7;English;;;lionheart
Little Evil;Comedy horror;September 1, 2017;94;5.7;English;;;littl evil
One Take;Documentary;June 18, 2020;85;5.7;Thai;;;one take
Out of Many; One;Documentary;December 12, 2018;34;5.7;English;;mani
Point Blank;Action;July 12, 2019;86;5.7;English;;;point blank
Prime Time;Thriller;April 14, 2021;91;5.7;Polish;;;prime time
The Do-Over;Action comedy;May 27, 2016;108;5.7;English;;;doover
The Holiday Calendar;Romantic comedy;November 2, 2018;95;5.7;English;;;holiday calendar
The Woman in the Window;Psychological thriller;May 14, 2021;100;5.7;English;;;woman window
The Wrong Missy;Comedy;May 13, 2020;90;5.7;English;;;wrong missi
Velvet Buzzsaw;Thriller;February 1, 2019;112;5.7;English;;;velvet buzzsaw
Yes Day;Comedy;March 12, 2021;86;5.7;English;;;ye day
15-Aug;Comedy-drama;March 29, 2019;124;5.8;Marathi;;;aug
A California Christmas;Romantic comedy;December 14, 2020;107;5.8;English;;;california christma
A Christmas Prince;Romantic comedy;November 17, 2017;92;5.8;English;;;christma princ
All Day and a Night;Drama;May 1, 2020;121;5.8;English;;;day night
American Son;Drama;November 1, 2019;90;5.8;English;;;american son
Barry;Biopic;December 16, 2016;104;5.8;English;;;barri
Candy Jar;Comedy;April 27, 2018;92;5.8;English;;;candi jar
Choked: Paisa Bolta Hai;Drama;June 5, 2020;114;5.8;Hindi;;;choke paisa bolta hai
Class of '83;Drama;August 21, 2020;98;5.8;Hindi;;;class
Extinction;Science fiction/Thriller;July 27, 2018;95;5.8;English;;;extinct
Happy Anniversary;Romantic comedy;March 30, 2018;78;5.8;English;;;happi anniversari
I Am All Girls;Thriller;May 14, 2021;107;5.8;English;;;girl
Let It Snow;Romantic comedy;November 8, 2019;92;5.8;English;;;let snow
Mascots;Mockumentary;October 13, 2016;95;5.8;English;;;mascot
Operation Christmas Drop;Romantic comedy;November 5, 2020;96;5.8;English;;;oper christma drop
Rajma Chawal;Comedy-drama;November 30, 2018;118;5.8;Hindi;;;rajma chawal
Rich in Love;Romantic comedy;April 30, 2020;105;5.8;Portuguese;;;rich love
Rising High;Satire;April 17, 2020;94;5.8;German;;;rise high
Rodney King;One-man show;April 28, 2017;52;5.8;English;;;rodney king
Sierra Burgess Is a Loser;Romantic comedy-drama;September 7, 2018;105;5.8;English;;;sierra burgess loser
Small Crimes;Dark comedy;April 28, 2017;95;5.8;English;;;small crime
Special Correspondents;Satire;April 29, 2016;100;5.8;English;;;special correspond
TAU;Science fiction/Thriller;June 29, 2018;97;5.8;English;;;tau
The After Party;Comedy;August 24, 2018;89;5.8;English;;;parti
The Babysitter: Killer Queen;Comedy/Horror;September 10, 2020;102;5.8;English;;;babysitt killer queen
The Claus Family;Fantasy;December 7, 2020;96;5.8;Dutch;;;clau famili
The Kissing Booth 2;Romantic comedy;July 24, 2020;131;5.8;English;;;kiss booth
The Perfect Date;Romantic comedy;April 12, 2019;89;5.8;English;;;perfect date
What We Wanted;Drama;November 11, 2020;93;5.8;German;;;want
You've Got This;Romantic comedy;October 2, 2020;111;5.8;Spanish;;;youv got
6 Balloons;Drama;April 6, 2018;75;5.9;English;;;balloon
A Fall from Grace;Thriller;January 17, 2020;120;5.9;English;;;fall grace
Amateur;Sports-drama;April 6, 2018;96;5.9;English;;;amateur
Army of the Dead;Zombie/Heist;May 21, 2021;148;5.9;English;;;armi dead
Cam;Psychological horror;November 16, 2018;94;5.9;English;;;cam
Earthquake Bird;Mystery;November 15, 2019;107;5.9;English;;;earthquak bird
Frankenstein's Monster's Monster; Frankenstein;Mockumentary;July 16, 2019;32;5.9;English;;frankenstein monster monster
Horse Girl;Drama;February 7, 2020;104;5.9;English;;;hors girl
Notes from Dunblane: Lesson from a School Shooting;Documentary;September 28, 2018;23;5.9;English;;;note dunblan lesson school shoot
Maska;Romantic comedy;March 27, 2020;111;5.9;Hindi;;;maska
The Decline;Thriller;March 27, 2020;83;5.9;French;;;declin
The Minimalists: Less Is Now;Documentary;January 1, 2021;53;5.9;English;;;minimalist less
The Polka King;Comedy-drama;January 12, 2018;95;5.9;English;;;polka king
The Prom;Musical;December 11, 2020;132;5.9;English;;;prom
True Memoirs of an International Assassin;Action comedy;November 11, 2016;98;5.9;English;;;true memoir intern assassin
Ultras;Sports film;March 20, 2020;108;5.9;Italian;;;ultra
Come Sunday;Biopic;April 13, 2018;106;6;English;;;come sunday
Forgive Us Our Debts;Drama;May 4, 2018;104;6;Italian;;;forgiv us debt
iBoy;Science fiction/Thriller;January 27, 2017;90;6;English;;;iboy
Lovefucked;Drama;August 9, 2019;106;6;Hindi;;;lovefuck
Juanita;Drama;March 8, 2019;90;6;English;;;juanita
Murder Mystery;Comedy mystery;June 14, 2019;97;6;English;;;murder mysteri
Project Power;Superhero;August 14, 2020;113;6;English;;;project power
Rebecca;Romantic thriller;October 21, 2020;123;6;English;;;rebecca
The Christmas Chronicles: Part Two;Christmas comedy;November 25, 2020;115;6;English;;;christma chronicl part two
The Kissing Booth;Romantic comedy;May 11, 2018;105;6;English;;;kiss booth
The Princess Switch;Romantic comedy;November 16, 2018;101;6;English;;;princess switch
To All the Boys: P.S. I Still Love You;Romantic comedy;February 12, 2020;102;6;English;;;boy ps still love
War Machine;War-Comedy;May 26, 2017;122;6;English;;;war machin
6 Underground;Action;December 13, 2019;128;6.1;English;;;underground
Between Two Ferns: The Movie;Comedy;September 20, 2019;82;6.1;English;;;two fern movi
Burning Sands;Drama;March 10, 2017;102;6.1;English;;;burn sand
Casting JonBenet;Documentary;April 28, 2017;80;6.1;English;;;cast jonbenet
Deidra & Laney Rob a Train;Drama;March 17, 2017;94;6.1;English;;;deidra laney rob train
Finding 'Ohana;Family;January 29, 2021;123;6.1;English;;;find ohana
Holidate;Romantic comedy/Holiday;October 28, 2020;104;6.1;English;;;holid
Holiday in the Wild;Adventure-romance;November 1, 2019;85;6.1;English;;;holiday wild
Hot Girls Wanted;Documentary;May 29, 2015;84;6.1;English;;;hot girl want
Like Father;Comedy;August 3, 2018;103;6.1;English;;;like father
Lost Girls;Crime drama;March 13, 2020;95;6.1;English;;;lost girl
Otherhood;Comedy;August 2, 2019;100;6.1;English;;;otherhood
Pee-wee's Big Holiday;Adventure;March 18, 2016;89;6.1;English;;;peewe big holiday
Rogue City;Crime drama;October 30, 2020;116;6.1;French;;;rogu citi
Sergio;Biopic;April 17, 2020;118;6.1;English;;;sergio
Stuck Apart;Drama;January 8, 2021;96;6.1;Turkish;;;stuck apart
Tersanjung the Movie;Drama;April 1, 2021;114;6.1;Indonesian;;;tersanjung movi
The Killer;Western;November 10, 2017;99;6.1;Portuguese;;;killer
The Lovebirds;Romantic comedy;May 22, 2020;87;6.1;English;;;lovebird
The Most Hated Woman in America;Biopic;March 24, 2017;92;6.1;English;;;hate woman america
The Perfection;Horror-thriller;May 24, 2019;90;6.1;English;;;perfect
Tribhanga  Tedhi Medhi Crazy;Drama;January 15, 2021;95;6.1;Hindi;;;tribhanga tedhi medhi crazi
Unknown Origins;Thriller;August 28, 2020;96;6.1;Spanish;;;unknown origin
Work It;Dance comedy;August 7, 2020;93;6.1;English;;;work
Alien Xmas;Stop Motion;November 20, 2020;42;6.2;English;;;alien xma
Baggio: The Divine Ponytail;Biopic;May 26, 2021;92;6.2;Italian;;;baggio divin ponytail
Below Zero;Drama;January 29, 2021;106;6.2;Spanish;;;zero
Citation;Drama;November 6, 2020;151;6.2;English;;;citat
Crazy Awesome Teachers;Comedy-drama;August 17, 2020;101;6.2;Indonesian;;;crazi awesom teacher
Have You Ever Seen Fireflies?;Comedy;April 9, 2021;114;6.2;Turkish;;;ever seen firefli
High Flying Bird;Sports-drama;February 8, 2019;90;6.2;English;;;high fli bird
In the Shadow of the Moon;Thriller;September 27, 2019;115;6.2;English;;;shadow moon
Lost Bullet;Thriller;June 19, 2020;92;6.2;French;;;lost bullet
Octonauts & the Caves of Sac Actun;Animation;August 14, 2020;72;6.2;English;;;octonaut cave sac actun
Offering to the Storm;Thriller;July 24, 2020;139;6.2;Spanish;;;offer storm
Roxanne Roxanne;Biopic;March 23, 2018;98;6.2;English;;;roxann roxann
Someone Great;Romantic comedy;April 19, 2019;92;6.2;English;;;someon great
Spenser Confidential;Action comedy;March 6, 2020;111;6.2;English;;;spenser confidenti
The Land of Steady Habits;Drama;September 14, 2018;98;6.2;English;;;land steadi habit
The Rachel Divide;Documentary;April 27, 2018;104;6.2;English;;;rachel divid
Voyuer ;Documentary;December 1, 2017;95;6.2;English;;;voyuer
Win It All;Comedy;April 7, 2017;88;6.2;English;;;win
1922;Horror/Crime drama;October 20, 2017;102;6.3;English;;;
A Tale of Two Kitchens;Documentary;May 22, 2019;30;6.3;English/Spanish;;;tale two kitchen
Alex Strangelove;Romantic comedy;June 8, 2018;99;6.3;English;;;alex strangelov
Apostle;Horror-thriller;October 12, 2018;129;6.3;English;;;apostl
Benji;Family film;March 16, 2018;87;6.3;English;;;benji
Bright;Urban fantasy;December 22, 2017;117;6.3;English;;;bright
Cargo;Drama/Horror;May 18, 2018;104;6.3;English;;;cargo
Concrete Cowboy;Drama;April 2, 2021;111;6.3;English;;;concret cowboy
Feel the Beat;Family/Comedy-drama;June 19, 2020;107;6.3;English;;;feel beat
Get the Goat;Comedy;March 18, 2021;97;6.3;Portuguese;;;get goat
I Am Not an Easy Man;Romantic comedy;April 13, 2018;98;6.3;French;;;easi man
June & Kopi;Drama;January 28, 2021;90;6.3;Indonesian;;;june kopi
Music Teacher;Drama;April 19, 2019;101;6.3;Hindi;;;music teacher
Nail Bomber: Manhunt;Documentary;May 26, 2021;72;6.3;English;;;nail bomber manhunt
Notes for My Son;Drama;November 24, 2020;83;6.3;Spanish;;;note son
Polar;Action;January 25, 2019;118;6.3;English;;;polar
Porta dos Fundos: The Last Hangover;Comedy;December 21, 2018;44;6.3;Portuguese;;;porta do fundo last hangov
Sand Castle;War;April 21, 2017;113;6.3;English;;;sand castl
Shimmer Lake;Crime thriller;June 9, 2017;86;6.3;English;;;shimmer lake
Spectral;Science fiction/Action;December 9, 2016;108;6.3;English;;;spectral
The Babysitter;Teen comedy horror;October 13, 2017;85;6.3;English;;;babysitt
The Discovery;Science fiction/Drama;March 31, 2017;102;6.3;English;;;discoveri
The Forest of Love;Drama;October 11, 2019;151;6.3;Japanese;;;forest love
The Laundromat;Comedy-drama;October 18, 2019;98;6.3;English;;;laundromat
The Legend of Cocaine Island;Documentary;March 29, 2019;87;6.3;English;;;legend cocain island
The Outsider;Crime drama;March 9, 2018;120;6.3;English/Japanese;;;outsid
Time to Hunt;Thriller;April 23, 2020;134;6.3;Korean;;;time hunt
To All the Boys: Always and Forever;Romantic comedy;February 12, 2021;109;6.3;English;;;boy alway forev
Travis Scott: Look Mom I Can Fly;Documentary;August 28, 2019;85;6.3;English;;;travi scott look mom fli
Uncorked;Drama;March 27, 2020;103;6.3;English;;;uncork
Anelka: Misunderstood;Documentary;August 5, 2020;94;6.4;French;;;anelka misunderstood
Ariana Grande: Excuse Me; I Love You;Concert Film;December 21, 2020;97;6.4;English;;ariana grand excus
ARQ;Science fiction/Thriller;September 16, 2016;88;6.4;English;;;arq
Birders;Documentary;September 25, 2019;37;6.4;English/Spanish;;;birder
Como Caído del Cielo;Musical comedy;December 24, 2019;112;6.4;Spanish;;;como cado del cielo
First Match;Sports-drama;March 30, 2018;102;6.4;English;;;first match
Fractured;Thriller;October 11, 2019;100;6.4;English;;;fractur
Irreplaceable You;Drama;February 16, 2018;96;6.4;English;;;irreplac
Isi & Ossi;Romantic comedy;February 14, 2020;113;6.4;German;;;isi ossi
John Was Trying to Contact Aliens;Documentary;August 20, 2020;16;6.4;English;;;john tri contact alien
Layla Majnun;Romantic drama;February 11, 2021;119;6.4;Indonesian;;;layla majnun
Murder to Mercy: The Cyntoia Brown Story;Documentary;April 29, 2020;97;6.4;English;;;murder merci cyntoia brown stori
My Own Man;Documentary;December 13, 2014;81;6.4;English;;;man
Nappily Ever After;Comedy-drama;September 21, 2018;98;6.4;English;;;nappili ever
Over the Moon;Animation/Musical/Adventure;October 23, 2020;95;6.4;English;;;moon
Street Flow;Drama;October 12, 2019;96;6.4;French;;;street flow
Strong Island;Documentary;September 15. 2017;107;6.4;English;;;strong island
Sturgill Simpson Presents: Sound & Fury;Animation / Musicial;September 27, 2019;41;6.4;English;;;sturgil simpson present sound furi
Take Your Pills;Documentary;March 16, 2018;87;6.4;English;;;take pill
The Heartbreak Club;Comedy-drama;January 14, 2021;101;6.4;Indonesian;;;heartbreak club
The Mars Generation;Documentary;May 5, 2017;97;6.4;English;;;mar gener
The Occupant;Thriller;March 25, 2020;103;6.4;Spanish;;;occup
The Willoughbys;Animation/Comedy/Adventure;April 22, 2020;90;6.4;English;;;willoughbi
Triple Frontier;Action-thriller;March 13, 2019;125;6.4;English;;;tripl frontier
Two Catalonias;Documentary;September 28, 2018;116;6.4;Spanish/Catalan;;;two catalonia
Walk. Ride. Rodeo.;Drama;March 8, 2019;99;6.4;English;;;walk ride rodeo
Wheelman;Action thriller;October 20, 2017;82;6.4;English;;;wheelman
When We First Met;Romantic comedy;February 9, 2018;97;6.4;English;;;first met
A 3 Minute Hug;Documentary;October 28, 2019;28;6.5;English/Spanish;;;minut hug
All the Bright Places;Romance;February 28, 2020;108;6.5;English;;;bright place
All Together Now;Drama;August 28, 2020;93;6.5;English;;;togeth
Altered Carbon: Resleeved;Anime/Science fiction;March 19, 2020;74;6.5;Japanese;;;alter carbon resleev
Antoine Griezmann: The Making of a Legend;Documentary;March 21, 2019;60;6.5;French;;;antoin griezmann make legend
Canvas ;Animation / Short;December 11, 2020;9;6.5;English;;;canva
Chadwick Boseman: Portrait of an Artist;Documentary;April 17, 2021;21;6.5;English;;;chadwick boseman portrait artist
Chopsticks;Comedy;May 31, 2019;100;6.5;Hindi;;;chopstick
Da 5 Bloods;War drama;June 12, 2020;155;6.5;English;;;da blood
Dolly Parton: A MusiCares Tribute;Documentary;April 7, 2021;55;6.5;English;;;dolli parton musicar tribut
Eurovision Song Contest: The Story of Fire Saga;Musical comedy;June 26, 2020;123;6.5;English;;;eurovis song contest stori fire saga
Gerald's Game;Horror thriller;September 29, 2017;103;6.5;English;;;gerald game
His House;Thriller;October 30, 2020;93;6.5;English;;;hous
Jingle Jangle: A Christmas Journey;Family/Christmas musical;November 13, 2020;119;6.5;English;;;jingl jangl christma journey
Life Overtakes Me;Documentary;June 14, 2019;40;6.5;English/Swedish;;;life overtak
Lust Stories;Drama;June 15, 2018;120;6.5;Hindi;;;lust stori
Monster;Drama;May 7, 2021;98;6.5;English;;;monster
Mowgli: Legend of the Jungle;Adventure;December 7, 2018;104;6.5;English;;;mowgli legend jungl
Nobody Knows I'm Here;Drama;June 24, 2020;91;6.5;Spanish;;;nobodi know im
Nobody Speak: Trials of the Free Press;Documentary;June 23, 2017;95;6.5;English;;;nobodi speak trial free press
Oxygen;Science fiction thriller;May 12, 2021;101;6.5;French;;;oxygen
Set It Up;Romantic comedy;June 15, 2018;105;6.5;English;;;set
The Incredible Jessica James;Comedy;July 28, 2017;83;6.5;English;;;incred jessica jame
Tigertail;Drama;April 10, 2020;91;6.5;English/Taiwanese/Mandarin;;;tigertail
Tramps;Romance;April 21, 2017;83;6.5;English;;;tramp
What Did Jack Do?;Drama / Short;January 20, 2020;17;6.5;English;;;jack
Bad Trip;Hidden-camera prank comedy;March 26, 2021;86;6.6;English;;;bad trip
Bird Box;Psychological thriller;December 21, 2018;124;6.6;English;;;bird box
Bulbbul;Horror;June 24, 2020;94;6.6;Hindi;;;bulbbul
Crazy About Her;Romantic comedy;February 26, 2021;102;6.6;Spanish;;;crazi
Elisa & Marcela;Romance;June 7, 2019;118;6.6;Spanish;;;elisa marcela
I'll Sleep When I'm Dead;Documentary;August 19, 2016;79;6.6;English;;;ill sleep im dead
I'm Thinking of Ending Things;Psychological thriller;September 4, 2020;134;6.6;English;;;im think end thing
It Takes a Lunatic;Documentary;October 25, 2019;126;6.6;English;;;take lunat
Milestone;Drama;May 7, 2021;98;6.6;Hindi;;;mileston
Recovery Boys;Documentary;June 29, 2018;89;6.6;English;;;recoveri boy
ReMastered: Who Killed Jam Master Jay?;Documentary;December 7, 2018;58;6.6;English;;;remast kill jam master jay
Shawn Mendes: In Wonder;Documentary;November 23, 2020;83;6.6;English;;;shawn mend wonder
Space Sweepers;Science fiction;February 5, 2021;136;6.6;Korean;;;space sweeper
The American Meme;Documentary;December 7, 2018;98;6.6;English;;;american meme
The Angel;Spy thriller;September 14, 2018;114;6.6;English;;;angel
The Crimes That Bind;Crime drama;August 20, 2020;99;6.6;Spanish;;;crime bind
The Red Sea Diving Resort;Spy thriller;July 31, 2019;130;6.6;English;;;red sea dive resort
What Would Sophia Loren Do?;Documentary;January 15, 2021;32;6.6;English;;;would sophia loren
A Whisker Away;Anime/Fantasy;June 18, 2020;104;6.7;Japanese;;;whisker away
Ajeeb Daastaans;Drama;April 16, 2021;142;6.7;Hindi;;;ajeeb daastaan
Arlo the Alligator Boy;Animated musical comedy;April 16, 2021;92;6.7;English;;;arlo allig boy
Bikram: Yogi; Guru; Predator;Documentary;November 20, 2019;86;6.7;English;bikram yogi
Blame!;Anime/Science fiction;May 20, 2017;106;6.7;Japanese;;;blame
Blue Miracle;Drama;May 27, 2021;95;6.7;English;;;blue miracl
CounterPunch ;Documentary;June 16, 2017;91;6.7;English;;;counterpunch
Crack: Cocaine; Corruption & Conspiracy;Documentary;January 11, 2021;89;6.7;English;;crack cocain
Extraction;Action;April 24, 2020;117;6.7;English;;;extract
Giving Voice;Documentary;December 11, 2020;90;6.7;English;;;give voic
Hillbilly Elegy;Drama;November 24, 2020;117;6.7;English;;;hillbilli elegi
Hope Frozen: A Quest to Live Twice;Documentary;September 15, 2020;80;6.7;Thia/English;;;hope frozen quest live twice
Imperial Dreams;Drama;February 3, 2017;87;6.7;English;;;imperi dream
Just Another Christmas;Comedy;December 3, 2020;101;6.7;Portuguese;;;anoth christma
Little Miss Sumo;Documentary;October 28, 2019;19;6.7;Japanese;;;littl miss sumo
Malcolm & Marie;Romantic drama;February 5, 2021;106;6.7;English;;;malcolm mari
Michael Bolton's Big; Sexy; Valentine's Day Special;Variety Show;February 7, 2017;54;6.7;English;michael bolton big
Moxie;Drama;March 3, 2021;111;6.7;English;;;moxi
Night in Paradise;Drama;April 9, 2021;132;6.7;Korean;;;night paradis
Paper Lives;Drama;March 12, 2021;97;6.7;Turkish;;;paper live
Parchis: The Documentary;Documentary;July 10, 2019;106;6.7;Spanish;;;parchi documentari
Tallulah;Comedy-drama;July 29, 2016;111;6.7;English;;;tallulah
The Old Guard;Superhero/Action;July 10, 2020;124;6.7;English;;;old guard
Tony Robbins: I Am Not Your Guru;Documentary;July 15. 2016;116;6.7;English;;;toni robbin guru
Upstarts;Drama;October 18, 2019;112;6.7;Hindi;;;upstart
22-Jul;Drama;October 10, 2018;144;6.8;English;;;jul
7 años;Drama;October 28, 2016;76;6.8;Spanish;;;ao
A Futile and Stupid Gesture;Biographical/Comedy;January 26, 2018;101;6.8;English;;;futil stupid gestur
A Life of Speed: The Juan Manuel Fangio Story;Documentary;March 20, 2020;92;6.8;Spanish;;;life speed juan manuel fangio stori
A Love Song for Latasha;Documentary;September 21, 2020;19;6.8;English;;;love song latasha
All in My Family;Documentary;May 3, 2019;39;6.8;English/Mandarin;;;famili
Always Be My Maybe;Romantic comedy;May 31, 2019;102;6.8;English;;;alway mayb
Becoming;Documentary;May 6, 2020;89;6.8;English;;;becom
Long Live Brij Mohan;Comedy;August 3, 2018;105;6.8;Hindi;;;long live brij mohan
Calibre;Thriller;June 29, 2018;101;6.8;English;;;calibr
Death to 2020;Comedy;December 27, 2020;70;6.8;English;;;death
GIMS: On the Record;Documentary;September 17, 2020;96;6.8;French;;;gim record
Have a Good Trip: Adventures in Psychedelics;Documentary;May 11, 2020;85;6.8;English;;;good trip adventur psychedel
Heroin(e) ;Documentary;September 12, 2017;39;6.8;English;;;heroin
Mercury 13;Documentary;April 20, 2018;79;6.8;English;;;mercuri
Saving Capitalism;Documentary;November 21, 2017;73;6.8;English;;;save capit
Serious Men;Drama;October 2, 2020;114;6.8;Hindi;;;seriou men
The Boys in the Band;Drama;September 30, 2020;121;6.8;English;;;boy band
The Boys in the Band: Something Personal;Aftershow / Interview;September 30, 2020;28;6.8;English;;;boy band someth person
The Life Ahead;Drama;November 13, 2020;95;6.8;Italian;;;life ahead
The Other Side of the Wind;Drama;November 2, 2018;122;6.8;English;;;side wind
The Trader;Documentary;February 9, 2018;23;6.8;Georgian;;;trader
To the Bone;Drama;July 14, 2017;107;6.8;English;;;bone
Tony Parker: The Final Shot;Documentary;January 6, 2021;98;6.8;French;;;toni parker final shot
AK vs AK;Thriller;December 24, 2020;108;6.9;Hindi;;;ak vs ak
Amanda Knox;Documentary;September 30, 2016;92;6.9;English;;;amanda knox
Bigflo & Oil: Hip Hop Frenzy;Documentary;October 8, 2020;100;6.9;French;;;bigflo oil hip hop frenzi
Biggie: I Got a Story to Tell;Documentary;March 1, 2021;97;6.9;English;;;biggi got stori tell
Cops and Robbers;Animation / Short;December 28, 2020;7;6.9;English;;;cop robber
I Don't Feel at Home in This World Anymore;Drama;February 24, 2017;96;6.9;English;;;dont feel home world anymor
Laerte-se;Documentary;May 19, 2017;100;6.9;Portuguese;;;laertes
Mank;Biopic;December 4, 2020;132;6.9;English;;;mank
Our Souls at Night;Romance;September 29, 2017;103;6.9;English;;;soul night
Outlaw King;Historical-epic;November 9, 2018;121;6.9;English;;;outlaw king
Pagglait;Comedy-drama;March 26, 2021;114;6.9;Hindi;;;pagglait
ReMastered: Who Shot the Sheriff?;Documentary;October 12, 2018;57;6.9;English;;;remast shot sheriff
Seeing Allred;Documentary;February 9, 2018;95;6.9;English;;;see allr
Spelling the Dream;Documentary;June 3, 2020;83;6.9;English;;;spell dream
The Claudia Kishi Club;Documentary;July 10, 2020;17;6.9;English;;;claudia kishi club
The Half of It;Romance;May 1, 2020;105;6.9;English;;;half
The Highwaymen;Crime drama;March 29, 2019;131;6.9;English;;;highwaymen
The Lonely Island Presents: The Unauthorized Bash Brothers Experience;Comedy / Musical;May 23, 2019;30;6.9;English;;;lone island present unauthor bash brother experi
The Meyerowitz Stories (New and Selected);Comedy-drama;October 13, 2017;112;6.9;English;;;meyerowitz stori new select
Feminists: What Were They Thinking?;Documentary;October 12, 2018;86;7;English;;;feminist think
Gaga: Five Foot Two;Documentary;September 22, 2017;100;7;English;;;gaga five foot two
I'm No Longer Here: A Discussion with Guillermo del Toro and Alfonso Cuaron;Aftershow / Interview;November 3, 2020;14;7;English;;;im longer discuss guillermo del toro alfonso cuaron
Kingdom of Us;Documentary;October 13, 2017;109;7;English;;;kingdom us
Lorena; Light-Footed Woman;Documentary;November 20, 2019;28;7;Spanish;;lorena
Los Tigres del Norte at Folsom Prison;Documentary;September 15, 2019;64;7;Spanish;;;lo tigr del nort folsom prison
Ma Rainey's Black Bottom;Drama;December 18, 2020;94;7;English;;;rainey black bottom
Ma Rainey's Black Bottom: A Legacy Brought to Screen;Aftershow / Interview;December 18, 2020;31;7;English;;;rainey black bottom legaci brought screen
Operation Varsity Blues: The College Admissions Scandal;Documentary;March 17, 2021;99;7;English;;;oper varsiti blue colleg admiss scandal
Pele;Documentary;February 23, 2021;108;7;English;;;pele
ReMastered: Devil at the Crossroads;Documentary;April 26, 2019;48;7;English;;;remast devil crossroad
ReMastered: The Lion's Share;Documentary;May 17, 2019;84;7;English;;;remast lion share
ReMastered: The Miami Showband Massacre;Documentary;March 22, 2019;70;7;English;;;remast miami showband massacr
Resurface;Documentary;September 1, 2017;27;7;English;;;resurfac
Rocko's Modern Life: Static Cling;Animation / Comedy;August 9, 2019;45;7;English;;;rocko modern life static cling
Rose Island;Comedy;December 9, 2020;117;7;Italian;;;rose island
The Christmas Chronicles;Christmas/Fantasy/Adventure/Comedy;November 22, 2018;104;7;English;;;christma chronicl
The Dirt;Biopic;March 22, 2019;108;7;English;;;dirt
The Night Comes for Us;Action-thriller;October 19, 2018;121;7;Indonesian;;;night come us
13th: A Conversation with Oprah Winfrey & Ava DuVernay;Aftershow / Interview;January 26, 2017;36;7.1;English;;;th convers oprah winfrey ava duvernay
Angela's Christmas;Animation;November 30, 2018;30;7.1;English;;;angela christma
Angela's Christmas Wish;Animation;December 1, 2020;47;7.1;English;;;angela christma wish
Beats;Drama;June 19, 2019;110;7.1;English;;;beat
Circus of Books;Documentary;April 22, 2020;92;7.1;English;;;circu book
Dance Dreams: Hot Chocolate Nutcracker;Documentary;November 27, 2020;80;7.1;English;;;danc dream hot chocol nutcrack
Derren Brown: Sacrifice;Mentalism special;October 19, 2018;49;7.1;English;;;derren brown sacrific
El Pepe: A Supreme Life;Documentary;December 27, 2019;73;7.1;Spanish;;;el pepe suprem life
End Game;Documentary;May 4, 2018;40;7.1;English;;;end game
Evelyn;Documentary;September 10, 2019;96;7.1;English;;;evelyn
Ferry;Crime drama;May 14, 2021;106;7.1;Dutch;;;ferri
Grass Is Greener;Documentary;April 20, 2019;97;7.1;English;;;grass greener
Guillermo Vilas: Settling the Score;Documentary;October 27, 2020;94;7.1;Spanish;;;guillermo vila settl score
Joshua: Teenager vs. Superpower;Documentary;May 26, 2017;78;7.1;English;;;joshua teenag vs superpow
Keith Richards: Under the Influence;Documentary;September 18, 2015;81;7.1;English;;;keith richard influenc
Knock Down the House;Documentary;May 1, 2019;87;7.1;English;;;knock hous
Loudon Wainwright III: Surviving Twin;One-man show;November 13, 2018;91;7.1;English;;;loudon wainwright iii surviv twin
My Beautiful Broken Brain;Documentary;March 18, 2016;91;7.1;English;;;beauti broken brain
One of Us;Documentary;October 20, 2017;95;7.1;English;;;one us
Pieces of a Woman;Drama;January 7, 2021;126;7.1;English;;;piec woman
Ram Dass; Going Home;Documentary;April 6, 2018;31;7.1;English;;ram dass
ReMastered: Tricky Dick & the Man in Black;Documentary;November 2, 2018;58;7.1;English;;;remast tricki dick man black
Rooting for Roona;Documentary;October 15, 2020;41;7.1;Bengali;;;root roona
The Devil All the Time;Psychological thriller;September 16, 2020;138;7.1;English;;;devil time
The Dig;Drama;January 29, 2021;112;7.1;English;;;dig
The Great Hack;Documentary;July 24, 2019;114;7.1;English;;;great hack
The White Tiger;Drama;January 22, 2021;125;7.1;English;;;white tiger
To All the Boys I've Loved Before;Romantic comedy;August 17, 2018;99;7.1;English;;;boy ive love
American Murder: The Family Next Door;Documentary;September 30, 2020;82;7.2;English;;;american murder famili next door
Audrie & Daisy;Documentary;September 23, 2016;98;7.2;English;;;audri daisi
First They Killed My Father;Drama;September 15, 2017;136;7.2;Khmer/English/French;;;first kill father
Fyre: The Greatest Party That Never Happened;Documentary;January 18, 2019;97;7.2;English;;;fyre greatest parti never happen
Into the Inferno;Documentary;October 28, 2016;107;7.2;English;;;inferno
LA Originals;Documentary;April 10, 2020;92;7.2;English;;;la origin
Ladies First;Documentary;March 8, 2018;39;7.2;English/Hindi;;;ladi first
Love per Square Foot;Romantic comedy;February 14, 2018;133;7.2;Hindi;;;love squar foot
Paddleton;Drama-Comedy;February 22, 2019;89;7.2;English;;;paddleton
Private Life;Drama;October 5, 2018;124;7.2;English;;;privat life
Seventeen;Coming-of-age comedy-drama;October 18, 2019;99;7.2;Spanish;;;seventeen
Sometimes;Drama;May 1, 2018;101;7.2;Tamil;;;sometim
Soni;Crime drama;January 18, 2019;97;7.2;Hindi;;;soni
The 40-Year-Old Version;Comedy;October 9, 2020;124;7.2;English;;;yearold version
The Disciple;Drama;April 30, 2021;129;7.2;Marathi;;;discipl
The Edge of Democracy;Documentary;June 19, 2019;121;7.2;Portuguese;;;edg democraci
The King;Historical drama;November 1, 2019;140;7.2;English;;;king
The Road to El Camino: A Breaking Bad Movie;Making-of;October 29, 2019;13;7.2;English;;;road el camino break bad movi
The Siege of Jadotville;War;October 7, 2016;108;7.2;English;;;sieg jadotvil
Zion ;Documentary;August 10, 2018;11;7.2;English;;;zion
Dolemite Is My Name;Biopic;October 25, 2019;118;7.3;English;;;dolemit name
El Camino: A Breaking Bad Movie;Crime drama;October 11, 2019;121;7.3;English;;;el camino break bad movi
Extremis;Documentary;September 13, 2016;24;7.3;English;;;extremi
Father Soldier Son;Documentary;July 17, 2020;100;7.3;English;;;father soldier son
Get Me Roger Stone;Documentary;May 12, 2017;101;7.3;English;;;get roger stone
I'm No Longer Here;Drama;May 27, 2020;105;7.3;Spanish;;;im longer
Mucho Mucho Amor: The Legend of Walter Mercado ;Documentary;July 8, 2020;96;7.3;Spanish/English;;;mucho mucho amor legend walter mercado
Octonauts & the Great Barrier Reef;Animation;October 13, 2020;47;7.3;English;;;octonaut great barrier reef
Okja;Action-adventure;June 28, 2017;121;7.3;English/Korean;;;okja
On My Skin;Crime drama;September 12, 2018;100;7.3;Italian;;;skin
Raat Akeli Hai;Thriller;July 31, 2020;149;7.3;Hindi;;;raat ake hai
ReMastered: Massacre at the Stadium;Documentary;January 11, 2019;64;7.3;English/Spanish;;;remast massacr stadium
ReMastered: The Two Killings of Sam Cooke;Documentary;February 8, 2019;64;7.3;English;;;remast two kill sam cook
Secrets of the Saqqara Tomb;Documentary;October 28, 2020;114;7.3;English/Arabic;;;secret saqqara tomb
Sitara: Let Girls Dream;Animation / Short;March 8, 2020;15;7.3;English;;;sitara let girl dream
Sky Ladder: The Art of Cai Guo-Qiang;Documentary;October 14, 2016;79;7.3;English/Mandarin;;;sky ladder art cai guoqiang
Team Foxcatcher;Documentary;April 29, 2016;90;7.3;English/Russian;;;team foxcatch
The Ballad of Buster Scruggs;Western;November 16, 2018;132;7.3;English;;;ballad buster scrugg
The Death and Life of Marsha P. Johnson;Documentary;October 6, 2017;105;7.3;English;;;death life marsha p johnson
The Fundamentals of Caring;Comedy-drama;June 24, 2016;97;7.3;English;;;fundament care
The Other One: The Long Strange Trip of Bob Weir;Documentary;May 22, 2015;83;7.3;English;;;one long strang trip bob weir
American Factory;Documentary;August 21, 2019;110;7.4;English;;;american factori
Fire in Paradise;Documentary;November 1, 2019;39;7.4;English;;;fire paradis
Long Shot;Documentary;September 29, 2017;40;7.4;English;;;long shot
Miss Americana;Documentary;January 31, 2020;85;7.4;English;;;miss americana
Period. End of Sentence.;Documentary;February 12, 2019;26;7.4;English/Hindi;;;period end sentenc
Shawn Mendes: Live in Concert;Concert Film;November 25, 2020;87;7.4;English;;;shawn mend live concert
Shirkers;Documentary;October 26, 2018;97;7.4;English;;;shirker
The Black Godfather;Documentary;June 7, 2019;118;7.4;English;;;black godfath
The Irishman: In Conversation;Aftershow / Interview;November 27, 2019;23;7.4;English;;;irishman convers
The Speed Cubers;Documentary;July 29, 2020;40;7.4;English;;;speed cuber
They'll Love Me When I'm Dead;Documentary;November 2, 2018;98;7.4;English;;;theyll love im dead
Tig;Documentary;July 17, 2015;80;7.4;English;;;tig
Barbra: The Music; The Mem'ries; The Magic!;Concert Film;November 22, 2017;108;7.5;English;barbra music
Blackpink: Light Up the Sky;Documentary;October 14, 2020;79;7.5;Korean;;;blackpink light sky
City of Joy;Documentary;September 7, 2018;74;7.5;English;;;citi joy
Dick Johnson Is Dead;Documentary;October 2, 2020;90;7.5;English;;;dick johnson dead
Homecoming: A Film by Beyonce ;Documentary;April 17, 2019;137;7.5;English;;;homecom film beyonc
Invader Zim: Enter the Florpus;Animation / Science Fiction;August 16, 2019;71;7.5;English;;;invad zim enter florpu
Joan Didion: The Center Will Not Hold;Documentary;October 27. 2017;98;7.5;English;;;joan didion center hold
John Mulaney & the Sack Lunch Bunch;Variety show;December 24, 2019;70;7.5;English;;;john mulaney sack lunch bunch
Reversing Roe;Documentary;September 13, 2018;99;7.5;English;;;revers roe
The White Helmets;Documentary;September 16. 2016;40;7.5;English;;;white helmet
Athlete A;Documentary;June 24, 2020;104;7.6;English;;;athlet
Ludo;Anthology/Dark comedy;November 12, 2020;149;7.6;Hindi;;;ludo
Quincy;Documentary;September 21, 2018;124;7.6;English;;;quinci
Rolling Thunder Revue: A bob Dylan Story by Martin Scorsere;Documentary;June 12, 2019;144;7.6;English;;;roll thunder revu bob dylan stori martin scorser
Tell Me Who I Am;Documentary;October 18, 2019;85;7.6;English;;;tell
The Bleeding Edge;Documentary;July 27, 2018;100;7.6;English;;;bleed edg
The Social Dilemma;Documentary;September 9, 2020;94;7.6;English;;;social dilemma
The Two Popes;Drama;December 20, 2019;125;7.6;English;;;two pope
What Happened; Miss Simone?;Documentary;June 26, 2015;84;7.6;English;;happen
Yeh Ballet;Drama;February 21, 2020;117;7.6;Hindi;;;yeh ballet
Anima;Musical / Short;June 27, 2019;15;7.7;English;;;anima
Beasts of No Nation;War drama;October 16, 2015;136;7.7;English/Akan;;;beast nation
Brene Brown: The Call to Courage;Documentary;April 19, 2019;76;7.7;English;;;brene brown call courag
Crip Camp: A Disability Revolution;Documentary;March 25, 2020;108;7.7;English;;;crip camp disabl revolut
Jim & Andy: The Great Beyond - Featuring a Very Special; Contractually Obligated Mention of Tony Cliffton ;Documentary;November 17, 2017;94;7.7;English;;jim andi great beyond featur special
Justin Timberlake + The Tennessee Kids;Concert Film;October 12, 2016;90;7.7;English;;;justin timberlak tennesse kid
Road to Roma;Making-of;February 11, 2020;72;7.7;Spanish;;;road roma
Roma;Drama;December 14, 2018;135;7.7;Spanish;;;roma
If Anything Happens I Love You;Animation / Short;November 20, 2020;12;7.8;English;;;anyth happen love
The Irishman;Crime drama;November 27, 2019;209;7.8;English;;;irishman
The Trial of the Chicago 7;Drama;October 16, 2020;130;7.8;English;;;trial chicago
A Secret Love;Documentary;April 29, 2020;82;7.9;English;;;secret love
Icarus;Documentary;August 4, 2017;120;7.9;English;;;icaru
Marriage Story;Drama;December 6, 2019;136;7.9;English;;;marriag stori
The Ivory Game;Documentary;November 4, 2016;112;7.9;English;;;ivori game
Struggle: The Life and Lost Art of Szukaiski;Documentary;December 21, 2018;105;8;English;;;struggl life lost art szukaiski
Chasing Coral ;Documentary;July 14, 2017;89;8.1;English;;;chase coral
My Octopus Teacher;Documentary;September 7, 2020;85;8.1;English;;;octopu teacher
Rising Phoenix;Documentary;August 26, 2020;106;8.1;English;;;rise phoenix
13th;Documentary;October 7, 2016;100;8.2;English;;;th
Disclosure: Trans Lives on Screen;Documentary;June 19, 2020;107;8.2;English;;;disclosur tran live screen
Klaus;Animation/Christmas/Comedy/Adventure;November 15, 2019;97;8.2;English;;;klau
Seaspiracy;Documentary;March 24, 2021;89;8.2;English;;;seaspiraci
The Three Deaths of Marisela Escobedo;Documentary;October 14, 2020;109;8.2;Spanish;;;three death marisela escobedo
Cuba and the Cameraman ;Documentary;November 24, 2017;114;8.3;English;;;cuba cameraman
Dancing with the Birds;Documentary;October 23, 2019;51;8.3;English;;;danc bird
Ben Platt: Live from Radio City Music Hall;Concert Film;May 20, 2020;85;8.4;English;;;ben platt live radio citi music hall
Taylor Swift: Reputation Stadium Tour;Concert Film;December 31, 2018;125;8.4;English;;;taylor swift reput stadium tour
Winter on Fire: Ukraine's Fight for Freedom;Documentary;October 9, 2015;91;8.4;English/Ukranian/Russian;;;winter fire ukrain fight freedom
Springsteen on Broadway;One-man show;December 16, 2018;153;8.5;English;;;springsteen broadway
Emicida: AmarElo - It's All For Yesterday;Documentary;December 8, 2020;89;8.6;Portuguese;;;emicida amarelo yesterday
David Attenborough: A Life on Our Planet;Documentary;October 4, 2020;83;9;English;;;david attenborough life planet
